latitude,longitude,brightness,scan,track,acq_date,acq_time,satellite,instrument,confidence,version,bright_t31,frp,daynight,type
50.7454,19.0298,325.9,1.1,1,2013-01-01,1148,Aqua,MODIS,84,6.2,272.1,30.7,D,0
50.7435,19.015,309.6,1.1,1,2013-01-01,1148,Aqua,MODIS,69,6.2,272.2,14.5,D,0
51.6928,15.9707,304.9,1,1,2013-01-31,1014,Terra,MODIS,57,6.2,278.6,10.1,D,2
51.6872,15.9823,300.7,1.9,1.3,2013-02-03,1044,Terra,MODIS,30,6.2,274.9,22.2,D,2
51.6857,15.9778,310.2,1.2,1.1,2013-02-04,0949,Terra,MODIS,29,6.2,275.4,19.3,D,2
51.1739,16.1085,304.9,1,1,2013-02-06,2048,Terra,MODIS,62,6.2,267.9,12.5,N,0
51.6939,15.9844,306.6,1.6,1.3,2013-02-09,0043,Aqua,MODIS,69,6.2,267.5,27.8,N,2
50.421,18.1467,303,1,1,2013-03-02,0101,Aqua,MODIS,53,6.2,271.8,10.9,N,0
51.6848,15.9821,302.5,1.4,1.2,2013-03-02,1212,Aqua,MODIS,45,6.2,280.9,12.4,D,2
51.6834,15.9687,300.4,1.1,1,2013-03-04,1200,Aqua,MODIS,34,6.2,286,6.3,D,2
51.6852,15.9841,303.5,1.1,1,2013-03-04,1200,Aqua,MODIS,49,6.2,285.7,8.2,D,2
50.3497,19.2799,301.4,1,1,2013-03-05,2029,Terra,MODIS,40,6.2,272.6,9.4,N,0
50.0651,20.1194,317.5,1,1,2013-03-05,2029,Terra,MODIS,95,6.2,272.1,21,N,0
51.2852,20.9345,304.6,1.1,1.1,2013-03-06,1001,Terra,MODIS,59,6.2,284,9,D,0
51.6842,15.9882,302.9,1,1,2013-03-06,1002,Terra,MODIS,54,6.2,277.7,7.8,D,2
50.0492,20.2253,314.2,1.1,1.1,2013-03-06,1002,Terra,MODIS,74,6.2,286.1,16.7,D,0
50.052,20.21,313,1.1,1.1,2013-03-06,1002,Terra,MODIS,73,6.2,285.2,15.5,D,0
50.3877,19.4161,310.4,1.1,1,2013-03-06,1002,Terra,MODIS,70,6.2,285.2,12.7,D,0
49.962,19.8296,321.8,1.1,1,2013-03-06,1147,Aqua,MODIS,81,6.2,286,22.9,D,0
49.9638,19.8445,310.3,1.1,1,2013-03-06,1147,Aqua,MODIS,70,6.2,284.8,11.9,D,0
50.3281,19.2884,300.8,1.1,1,2013-03-06,1147,Aqua,MODIS,28,6.2,286.4,4.3,D,2
50.3372,19.2856,300.4,1.1,1,2013-03-06,1147,Aqua,MODIS,29,6.2,286.9,4.3,D,2
50.4206,18.1393,307.8,1,1,2013-03-06,1148,Aqua,MODIS,62,6.2,288,9.1,D,0
50.3369,19.2943,307,1.1,1,2013-03-17,0944,Terra,MODIS,64,6.2,279.8,11.2,D,2
50.3404,19.3409,301.4,1.1,1,2013-03-17,0944,Terra,MODIS,46,6.2,278.6,8.1,D,0
50.3345,19.2952,325.8,1,1,2013-03-24,0950,Terra,MODIS,84,6.2,276.2,28.4,D,2
50.3365,19.2813,303.4,1,1,2013-03-24,0950,Terra,MODIS,56,6.2,277.1,9.6,D,2
50.4443,19.2508,308.9,1,1,2013-03-24,1135,Aqua,MODIS,68,6.2,277.8,13.3,D,0
50.1673,20.0811,301.5,1,1,2013-03-24,1135,Aqua,MODIS,0,6.2,275.5,8.4,D,0
50.3353,19.2901,348.4,1,1,2013-03-28,2036,Terra,MODIS,100,6.2,271.7,65.3,N,2
52.5889,19.6824,300.4,1,1,2013-04-07,1001,Terra,MODIS,23,6.2,282.8,5.7,D,0
52.7134,15.2158,314.3,1.1,1,2013-04-07,1002,Terra,MODIS,75,6.2,285.5,14.9,D,0
52.7115,15.2314,306.1,1.1,1,2013-04-07,1002,Terra,MODIS,63,6.2,284.5,8.2,D,0
50.3352,19.2936,303,1.3,1.1,2013-04-08,0120,Aqua,MODIS,52,6.2,269.1,17.1,N,2
51.6873,15.9785,302,1,1,2013-04-08,0120,Aqua,MODIS,46,6.2,269.7,11,N,2
50.0486,20.1827,303.7,1.1,1,2013-04-11,0938,Terra,MODIS,54,6.2,280.3,6.9,D,0
50.3696,19.0019,301.7,1.2,1.1,2013-04-11,1124,Aqua,MODIS,48,6.2,274.9,8.2,D,0
50.3419,19.2979,323,1,1,2013-04-12,0056,Aqua,MODIS,100,6.2,277,25.8,N,2
51.6834,15.9792,310,1,1,2013-04-14,1008,Terra,MODIS,60,6.2,295.7,7.9,D,2
53.3791,14.4749,309.5,1,1,2013-04-14,1155,Aqua,MODIS,40,6.2,289.1,7,D,0
53.3811,14.4897,321.7,1,1,2013-04-14,1155,Aqua,MODIS,81,6.2,288.5,17.2,D,0
51.6841,15.9751,317.9,1,1,2013-04-14,1155,Aqua,MODIS,74,6.2,299,13.4,D,2
53.39,14.4862,316.7,1,1,2013-04-14,1155,Aqua,MODIS,71,6.2,289.2,12.4,D,0
50.6306,17.4812,304.5,2.7,1.6,2013-04-15,0913,Terra,MODIS,59,6.2,288.8,26.1,D,0
50.3136,18.8874,304.1,3.4,1.7,2013-04-15,1051,Terra,MODIS,58,6.2,291.6,26.1,D,0
50.3262,18.8441,304,3.4,1.7,2013-04-15,1051,Terra,MODIS,58,6.2,291.2,26.6,D,0
50.3185,18.8862,305.1,3.4,1.7,2013-04-15,1051,Terra,MODIS,53,6.2,291.5,30,D,0
50.3308,18.8425,302.6,3.4,1.7,2013-04-15,1051,Terra,MODIS,50,6.2,291.2,22.5,D,0
50.5075,16.6565,301.2,2.8,1.6,2013-04-15,1059,Aqua,MODIS,45,6.2,290.1,15.8,D,0
51.4963,21.1035,309,1.6,1.2,2013-04-15,1059,Aqua,MODIS,64,6.2,289.2,16.8,D,0
50.5102,16.6473,302.3,2.8,1.6,2013-04-15,1059,Aqua,MODIS,51,6.2,290.5,18.5,D,0
54.3029,18.9037,309.4,1.6,1.3,2013-04-15,1100,Aqua,MODIS,0,6.2,287.1,19.7,D,0
51.1332,19.8231,324.1,1,1,2013-04-15,2024,Terra,MODIS,100,6.2,276.9,27.6,N,0
54.2584,19.3675,302.7,1,1,2013-04-16,0955,Terra,MODIS,0,6.2,290.5,4,D,0
54.3687,21.3137,323.9,1,1,2013-04-16,0955,Terra,MODIS,83,6.2,290,21.7,D,0
54.3711,21.2986,301.8,1,1,2013-04-16,0955,Terra,MODIS,43,6.2,288.5,4.2,D,0
54.396,20.5304,305.8,1,1,2013-04-16,0955,Terra,MODIS,61,6.2,288.9,7.2,D,0
54.3414,21.5998,301.2,1,1,2013-04-16,0955,Terra,MODIS,43,6.2,287.8,4.4,D,0
51.2907,19.034,311.3,1,1,2013-04-16,0956,Terra,MODIS,71,6.2,296.4,6.9,D,0
50.6884,21.9096,306,1.1,1.1,2013-04-16,0956,Terra,MODIS,62,6.2,293.3,6.3,D,0
50.3894,22.1342,304.7,1.2,1.1,2013-04-16,0956,Terra,MODIS,50,6.2,294.5,4.8,D,0
49.6559,21.7251,305.5,1.2,1.1,2013-04-16,0956,Terra,MODIS,58,6.2,294.4,4.3,D,0
50.4642,22.2414,305,1.2,1.1,2013-04-16,0956,Terra,MODIS,60,6.2,294,5.3,D,0
50.688,17.5529,314.1,1,1,2013-04-16,0956,Terra,MODIS,74,6.2,293.4,9.6,D,0
50.69,17.5388,310.2,1,1,2013-04-16,0956,Terra,MODIS,70,6.2,292.7,6.7,D,0
49.8927,19.5073,321.8,1,1,2013-04-16,0956,Terra,MODIS,80,6.2,296.5,16.5,D,0
50.8335,18.9782,308.1,1,1,2013-04-16,0956,Terra,MODIS,62,6.2,296.2,5.7,D,0
50.976,19.1529,309.3,1,1,2013-04-16,1142,Aqua,MODIS,67,6.2,294.5,6.2,D,0
50.1485,23.2121,306.5,1.3,1.1,2013-04-16,1142,Aqua,MODIS,58,6.2,294.2,7.4,D,0
50.4605,22.2339,312.5,1.2,1.1,2013-04-16,1142,Aqua,MODIS,70,6.2,295.2,11.3,D,0
50.6082,19.1711,313.7,1,1,2013-04-16,1142,Aqua,MODIS,73,6.2,297.1,7.4,D,0
50.922,19.0975,313.6,1,1,2013-04-16,1142,Aqua,MODIS,73,6.2,295.2,9.5,D,0
51.0424,16.88,306.2,1,1,2013-04-16,1142,Aqua,MODIS,49,6.2,283.4,8.7,D,0
50.3038,19.4544,312.2,1,1,2013-04-16,1142,Aqua,MODIS,60,6.2,297.6,8.2,D,0
50.4623,22.2503,325.3,1.2,1.1,2013-04-16,1142,Aqua,MODIS,83,6.2,294.8,25.8,D,0
50.978,19.167,310.6,1,1,2013-04-16,1142,Aqua,MODIS,69,6.2,296.3,7.3,D,0
50.0606,22.0216,308.8,1.1,1.1,2013-04-16,1142,Aqua,MODIS,62,6.2,297.6,5.2,D,0
50.4159,18.1465,311.3,1,1,2013-04-16,1142,Aqua,MODIS,62,6.2,295.8,7.8,D,0
50.7793,17.4095,307,1,1,2013-04-16,1142,Aqua,MODIS,65,6.2,285.4,8.1,D,0
50.5994,19.1741,316.6,1,1,2013-04-16,1142,Aqua,MODIS,76,6.2,297.5,10,D,0
54.3703,21.3123,303,1.2,1.1,2013-04-16,1143,Aqua,MODIS,39,6.2,290.7,5.5,D,0
54.2554,19.3707,306.5,1.1,1,2013-04-16,1143,Aqua,MODIS,39,6.2,287.1,7.8,D,0
54.3894,20.5303,307,1.1,1.1,2013-04-16,1143,Aqua,MODIS,64,6.2,290.1,8.4,D,0
54.3508,21.3183,306.1,1.2,1.1,2013-04-16,1143,Aqua,MODIS,63,6.2,290.8,7.6,D,0
54.3684,21.2939,302.8,1.2,1.1,2013-04-16,1143,Aqua,MODIS,37,6.2,290.3,5.3,D,0
50.8573,20.7775,314.4,1,1,2013-04-18,0943,Terra,MODIS,74,6.2,295.3,9.8,D,0
53.6032,14.5617,301.7,1.7,1.3,2013-04-18,0943,Terra,MODIS,0,6.2,278.9,9.6,D,0
54.3851,20.8424,301.3,1.1,1,2013-04-18,0943,Terra,MODIS,46,6.2,284.3,3.5,D,0
51.1378,23.4177,304.5,1,1,2013-04-18,0943,Terra,MODIS,49,6.2,291.8,3.6,D,0
50.8553,20.7916,313.2,1,1,2013-04-18,0943,Terra,MODIS,73,6.2,295.3,8.9,D,0
54.3657,21.4874,302.4,1,1,2013-04-18,0943,Terra,MODIS,52,6.2,275.4,6.6,D,0
50.754,20.6559,307.5,1,1,2013-04-18,0944,Terra,MODIS,43,6.2,293,4.6,D,0
49.7194,21.7587,311.6,1,1,2013-04-18,0944,Terra,MODIS,65,6.2,296.3,6.2,D,0
50.4137,18.1508,305.8,1.1,1.1,2013-04-18,0944,Terra,MODIS,53,6.2,287.2,5.8,D,0
49.5404,22.1914,315.8,1,1,2013-04-18,0944,Terra,MODIS,71,6.2,299.2,9.7,D,0
50.1594,19.3739,310,1,1,2013-04-18,0944,Terra,MODIS,52,6.2,294.6,5.5,D,0
50.1575,19.3883,310.7,1,1,2013-04-18,0944,Terra,MODIS,53,6.2,294.8,5.6,D,0
49.9643,19.7959,313.2,1,1,2013-04-18,0944,Terra,MODIS,68,6.2,301,5.8,D,0
50.0735,20.0858,319.3,1,1,2013-04-18,0944,Terra,MODIS,71,6.2,301.7,10.8,D,0
50.5422,17.2204,304,1.2,1.1,2013-04-18,0944,Terra,MODIS,56,6.2,286.4,5.2,D,0
49.7283,21.2682,308.7,1,1,2013-04-18,0944,Terra,MODIS,57,6.2,296.1,4.6,D,0
50.3877,19.1081,307.1,1.1,1,2013-04-18,0944,Terra,MODIS,57,6.2,289.6,4.9,D,0
50.3871,19.2605,308.3,1.1,1,2013-04-18,0944,Terra,MODIS,49,6.2,289.5,6.8,D,0
50.389,19.2458,319.2,1.1,1,2013-04-18,0944,Terra,MODIS,76,6.2,288.8,16.8,D,0
51.084,17.2663,305.7,1.2,1.1,2013-04-18,1130,Aqua,MODIS,60,6.2,283.7,5.6,D,0
50.7583,19.0356,331.6,1.1,1,2013-04-18,1130,Aqua,MODIS,87,6.2,287.6,32.4,D,0
50.7479,19.014,304.1,1.1,1,2013-04-18,1130,Aqua,MODIS,42,6.2,285.7,4.4,D,0
50.7503,19.0285,338,1.1,1,2013-04-18,1130,Aqua,MODIS,91,6.2,288.2,41.8,D,0
50.7527,19.0431,305.5,1.1,1,2013-04-18,1130,Aqua,MODIS,55,6.2,287.7,4.5,D,0
49.8871,19.761,314.7,1,1,2013-04-18,1130,Aqua,MODIS,68,6.2,300,7.4,D,0
51.3053,17.145,301.2,1.2,1.1,2013-04-18,1130,Aqua,MODIS,45,6.2,279.3,4.1,D,0
51.3024,17.129,301.5,1.2,1.1,2013-04-18,1130,Aqua,MODIS,47,6.2,280.6,4.6,D,0
51.2631,20.6953,302.1,1,1,2013-04-18,1130,Aqua,MODIS,45,6.2,274.4,6.1,D,0
50.6708,23.7406,308.6,1.1,1,2013-04-18,1130,Aqua,MODIS,60,6.2,295.1,6.5,D,0
50.6689,23.7259,325.6,1.1,1,2013-04-18,1130,Aqua,MODIS,82,6.2,295.9,22.9,D,0
50.375,18.9855,350.7,1.1,1,2013-04-18,1130,Aqua,MODIS,96,6.2,288,67.6,D,0
50.3674,18.9784,330.4,1.1,1,2013-04-18,1130,Aqua,MODIS,86,6.2,284.7,28.9,D,0
52.1026,20.7052,303.9,1,1,2013-04-18,1130,Aqua,MODIS,57,6.2,276.7,6.5,D,0
50.3892,19.1097,313.1,1.1,1,2013-04-18,1130,Aqua,MODIS,70,6.2,291.4,8.4,D,0
50.3699,18.993,359.6,1.1,1,2013-04-18,1130,Aqua,MODIS,99,6.2,287.9,90.3,D,0
50.3946,19.1022,312.6,1.1,1,2013-04-18,1130,Aqua,MODIS,70,6.2,291.2,8.3,D,0
50.3774,19.0001,315.5,1.1,1,2013-04-18,1130,Aqua,MODIS,74,6.2,286.3,12.1,D,0
50.7558,19.0211,334.3,1.1,1,2013-04-18,1130,Aqua,MODIS,89,6.2,288.2,36.8,D,0
54.3833,20.74,303,1,1,2013-04-18,1131,Aqua,MODIS,54,6.2,280.7,4.9,D,0
54.3613,21.4749,308.6,1,1,2013-04-18,1131,Aqua,MODIS,67,6.2,272.6,10.5,D,0
54.3593,21.4593,307.5,1,1,2013-04-18,1131,Aqua,MODIS,65,6.2,272.2,9.8,D,0
54.2907,20.0735,305,1,1,2013-04-18,1131,Aqua,MODIS,60,6.2,284,5.5,D,0
50.7149,23.276,313.9,2.6,1.5,2013-04-19,1035,Aqua,MODIS,71,6.2,298,30.8,D,0
51.6851,15.9741,302.6,1,1,2013-04-20,2042,Terra,MODIS,50,6.2,274.2,9.6,N,2
54.3811,21.1636,316.1,1.3,1.1,2013-04-21,1013,Terra,MODIS,76,6.2,289.3,20.3,D,0
54.3643,21.875,303.8,1.4,1.2,2013-04-21,1013,Terra,MODIS,55,6.2,287.1,9,D,0
54.3636,21.9861,307.2,1.4,1.2,2013-04-21,1013,Terra,MODIS,65,6.2,287.3,12.6,D,0
54.3803,21.0592,310.8,1.3,1.1,2013-04-21,1013,Terra,MODIS,70,6.2,288.1,14.6,D,0
54.3766,21.0778,328.5,1.3,1.1,2013-04-21,1013,Terra,MODIS,86,6.2,289.2,38.6,D,0
54.4066,20.5402,316.6,1.2,1.1,2013-04-21,1013,Terra,MODIS,77,6.2,288.7,19.4,D,0
54.4032,20.5582,302.6,1.2,1.1,2013-04-21,1013,Terra,MODIS,53,6.2,288.2,6.2,D,0
51.9583,21.3172,321.2,1.5,1.2,2013-04-21,1014,Terra,MODIS,76,6.2,293.2,31.4,D,0
51.1691,23.0504,312.5,1.9,1.3,2013-04-21,1014,Terra,MODIS,73,6.2,291.6,25.1,D,0
51.1804,23.057,305.5,1.9,1.3,2013-04-21,1014,Terra,MODIS,46,6.2,291.9,12.5,D,0
51.178,16.1247,302.7,1,1,2013-04-21,1014,Terra,MODIS,40,6.2,284.4,4.4,D,0
51.6443,15.6805,304.5,1,1,2013-04-21,1014,Terra,MODIS,59,6.2,284.1,6.3,D,0
51.1804,16.1101,303.2,1,1,2013-04-21,1014,Terra,MODIS,33,6.2,285.6,5.1,D,0
51.689,15.9825,311.1,1,1,2013-04-21,1014,Terra,MODIS,67,6.2,290.1,9.7,D,2
50.7647,16.2372,334.2,1.1,1,2013-04-21,1014,Terra,MODIS,89,6.2,284.6,37.3,D,0
54.3764,21.0608,308.6,3.3,1.7,2013-04-21,1024,Aqua,MODIS,67,6.2,286.4,51,D,0
54.3728,21.0555,309.1,3.3,1.7,2013-04-21,1024,Aqua,MODIS,68,6.2,286.4,53.4,D,0
54.2332,22.0145,300.4,3,1.7,2013-04-21,1024,Aqua,MODIS,36,6.2,287.5,22.9,D,0
50.569,21.6532,305.9,1.7,1.3,2013-04-21,1200,Aqua,MODIS,39,6.2,294.8,7.5,D,0
50.7847,23.0984,307.3,2.1,1.4,2013-04-21,1200,Aqua,MODIS,60,6.2,292.8,15.5,D,0
50.59,19.1321,308.7,1.3,1.1,2013-04-21,1200,Aqua,MODIS,67,6.2,292.2,8.8,D,0
50.5918,19.1509,307.4,1.3,1.1,2013-04-21,1200,Aqua,MODIS,65,6.2,293.2,7.2,D,0
50.3324,19.288,309.7,1.3,1.1,2013-04-21,1200,Aqua,MODIS,62,6.2,296.5,8.7,D,2
50.7881,23.1199,306.2,2.1,1.4,2013-04-21,1200,Aqua,MODIS,50,6.2,293.1,11.6,D,0
50.3896,18.9466,308.6,1.3,1.1,2013-04-21,1200,Aqua,MODIS,67,6.2,291.5,9.4,D,0
54.346,21.6151,306.4,1.9,1.4,2013-04-21,1201,Aqua,MODIS,63,6.2,287.6,17.3,D,0
52.7431,15.1962,334.5,1.1,1,2013-04-21,1201,Aqua,MODIS,89,6.2,284.5,36.5,D,0
52.745,15.2117,308.5,1.1,1,2013-04-21,1201,Aqua,MODIS,67,6.2,282.7,7.3,D,0
54.3507,21.8874,305.8,2,1.4,2013-04-21,1201,Aqua,MODIS,62,6.2,288.9,17.8,D,0
54.3814,21.1644,320.6,1.8,1.3,2013-04-21,1201,Aqua,MODIS,80,6.2,291,42.9,D,0
54.3771,21.1702,316.3,1.8,1.3,2013-04-21,1201,Aqua,MODIS,77,6.2,290.8,31.6,D,0
54.406,20.5397,307.6,1.7,1.3,2013-04-21,1201,Aqua,MODIS,40,6.2,289.4,14.1,D,0
51.6892,15.9741,301.5,1.1,1,2013-04-21,1201,Aqua,MODIS,28,6.2,283.4,4.1,D,2
54.363,21.885,301.9,2,1.4,2013-04-21,1201,Aqua,MODIS,25,6.2,289.4,10.6,D,0
54.3479,21.6447,313.7,1.9,1.4,2013-04-21,1201,Aqua,MODIS,74,6.2,288.3,31.1,D,0
54.4079,20.5667,307.1,1.7,1.3,2013-04-21,1201,Aqua,MODIS,40,6.2,289.4,12.7,D,0
54.4092,20.5466,310.6,1.7,1.3,2013-04-21,1201,Aqua,MODIS,70,6.2,289.7,20.1,D,0
52.9324,14.4243,300.4,1,1,2013-04-21,1201,Aqua,MODIS,31,6.2,283.1,3.8,D,0
54.3413,21.7358,302.2,1.9,1.4,2013-04-21,1201,Aqua,MODIS,51,6.2,287.9,12.2,D,0
51.1186,17.4669,303.5,1.2,1.1,2013-04-21,1201,Aqua,MODIS,48,6.2,289.3,5.5,D,0
52.9739,15.1868,301.3,1.1,1,2013-04-21,1201,Aqua,MODIS,35,6.2,287.6,3.5,D,0
54.4845,16.9698,305.7,1.2,1.1,2013-04-21,1202,Aqua,MODIS,62,6.2,293.5,5.4,D,0
51.6901,15.9774,302.9,1.2,1.1,2013-04-22,0133,Aqua,MODIS,52,6.2,276.8,13.1,N,2
53.7774,22.2513,302.4,1.5,1.2,2013-04-22,0918,Terra,MODIS,52,6.2,288.9,6.6,D,0
54.3936,20.7826,324.7,1.7,1.3,2013-04-22,0918,Terra,MODIS,83,6.2,290.3,47.8,D,0
54.3916,20.8094,316,1.7,1.3,2013-04-22,0918,Terra,MODIS,76,6.2,289.8,28.9,D,0
54.3596,21.6588,301.3,1.6,1.2,2013-04-22,0918,Terra,MODIS,43,6.2,289.8,6.3,D,0
54.3617,21.6343,309.4,1.6,1.2,2013-04-22,0918,Terra,MODIS,65,6.2,290.3,16.2,D,0
50.3335,19.2953,315.4,1.8,1.3,2013-04-22,0919,Terra,MODIS,74,6.2,298.1,22.1,D,2
54.3714,21.5072,302.9,3.6,1.8,2013-04-22,1056,Terra,MODIS,54,6.2,290,30.4,D,0
54.3642,21.5058,303,3.6,1.8,2013-04-22,1056,Terra,MODIS,54,6.2,289.9,29.6,D,0
50.6151,21.7898,308.8,1.4,1.2,2013-04-22,1105,Aqua,MODIS,55,6.2,298.1,7.1,D,0
50.7132,23.5134,306.2,1.2,1.1,2013-04-22,1105,Aqua,MODIS,55,6.2,293.7,5.1,D,0
49.6631,21.6152,308.1,1.5,1.2,2013-04-22,1105,Aqua,MODIS,62,6.2,297.5,7.3,D,0
54.3267,21.5556,304.2,1.2,1.1,2013-04-22,1106,Aqua,MODIS,43,6.2,291,5.2,D,0
54.3591,21.3783,315.8,1.2,1.1,2013-04-22,1106,Aqua,MODIS,76,6.2,291.9,16.5,D,0
54.3542,22.1527,305.9,1.1,1.1,2013-04-22,1106,Aqua,MODIS,38,6.2,290.2,5.2,D,0
54.3722,21.5046,330.6,1.2,1.1,2013-04-22,1106,Aqua,MODIS,87,6.2,292.1,33.6,D,0
54.3629,21.5097,324,1.2,1.1,2013-04-22,1106,Aqua,MODIS,83,6.2,292.3,24.7,D,0
53.8267,20.6912,304.4,1.3,1.1,2013-04-22,1106,Aqua,MODIS,54,6.2,292.8,6.8,D,0
54.3661,21.5269,306.6,1.2,1.1,2013-04-22,1106,Aqua,MODIS,60,6.2,291.1,6.5,D,0
54.1674,17.9872,302.9,1.6,1.2,2013-04-22,1106,Aqua,MODIS,45,6.2,291.6,7.5,D,0
54.3728,21.0556,302.1,1.2,1.1,2013-04-22,1106,Aqua,MODIS,47,6.2,290.3,4.4,D,0
54.3694,21.0379,303.9,1.2,1.1,2013-04-22,1106,Aqua,MODIS,56,6.2,289.5,6.2,D,0
54.3797,20.8079,304.3,1.2,1.1,2013-04-22,1106,Aqua,MODIS,11,6.2,291.4,5.6,D,0
54.0219,21.8871,302.9,1.2,1.1,2013-04-22,1106,Aqua,MODIS,51,6.2,288.2,4.7,D,0
51.6922,15.9771,306.1,1.1,1.1,2013-04-22,2030,Terra,MODIS,67,6.2,280.5,13.1,N,2
50.3397,19.2965,311.7,1.3,1.1,2013-04-23,0038,Aqua,MODIS,83,6.2,279.5,22.3,N,2
52.586,19.6866,303,1,1,2013-04-23,1001,Terra,MODIS,34,6.2,284.6,3.6,D,0
54.4088,20.4345,307.9,1,1,2013-04-23,1001,Terra,MODIS,32,6.2,292.1,6.1,D,0
50.7467,21.8126,320,1.2,1.1,2013-04-23,1002,Terra,MODIS,67,6.2,296.3,18.2,D,0
50.7448,19.0249,314.7,1,1,2013-04-23,1002,Terra,MODIS,73,6.2,295,9.4,D,0
51.3151,22.0355,308.6,1.2,1.1,2013-04-23,1002,Terra,MODIS,58,6.2,295.1,5.9,D,0
49.7106,21.7274,311.6,1.3,1.1,2013-04-23,1002,Terra,MODIS,63,6.2,298,6.9,D,0
50.3338,19.2951,314.4,1.1,1,2013-04-23,1002,Terra,MODIS,69,6.2,299.9,7.4,D,2
51.3156,22.0292,308.1,1.2,1.1,2013-04-23,1002,Terra,MODIS,55,6.2,295,5.2,D,0
50.2552,20.7414,310.2,1.2,1.1,2013-04-23,1002,Terra,MODIS,44,6.2,296.4,5.2,D,0
50.1197,19.6007,318.7,1.1,1,2013-04-23,1148,Aqua,MODIS,75,6.2,299.7,12.6,D,0
51.2563,21.9015,310.5,1.3,1.1,2013-04-23,1148,Aqua,MODIS,66,6.2,295.4,8.2,D,0
51.1772,16.1855,304.4,1,1,2013-04-23,1148,Aqua,MODIS,38,6.2,285.9,4.4,D,0
51.407,21.1854,305.7,1.2,1.1,2013-04-23,1148,Aqua,MODIS,56,6.2,283.7,7.2,D,0
54.3442,22.0297,313.8,1.5,1.2,2013-04-23,1149,Aqua,MODIS,52,6.2,287.2,18.9,D,0
54.3492,21.6595,312.1,1.4,1.2,2013-04-23,1149,Aqua,MODIS,44,6.2,287.8,14.3,D,0
53.3235,14.9971,306.5,1.6,1.2,2013-04-24,1044,Terra,MODIS,46,6.2,288.7,9.7,D,0
54.2689,18.5365,306.1,2,1.4,2013-04-24,1054,Aqua,MODIS,55,6.2,289.7,14.5,D,0
54.3736,21.6892,306.6,1.5,1.2,2013-04-24,1054,Aqua,MODIS,64,6.2,289.8,11.6,D,0
54.3816,21.0526,315.3,1.6,1.2,2013-04-24,1054,Aqua,MODIS,76,6.2,287.8,24.1,D,0
54.3819,21.0479,313.2,1.6,1.2,2013-04-24,1054,Aqua,MODIS,73,6.2,288.1,22.1,D,0
54.3525,21.3001,300.1,1.5,1.2,2013-04-24,1054,Aqua,MODIS,29,6.2,287.2,5.8,D,0
50.6798,19.1724,315.3,1,1,2013-04-25,0950,Terra,MODIS,72,6.2,293.2,10.1,D,0
50.5157,18.5444,312.5,1,1,2013-04-25,0950,Terra,MODIS,67,6.2,293.4,8,D,0
51.6858,15.9869,312.6,1.1,1.1,2013-04-25,1136,Aqua,MODIS,49,6.2,296.7,8.4,D,2
51.683,15.9712,319.1,1.1,1.1,2013-04-25,1136,Aqua,MODIS,72,6.2,299.2,15.2,D,2
50.9463,21.2693,314.3,1,1,2013-04-25,1136,Aqua,MODIS,57,6.2,292.7,8,D,0
53.8299,20.117,311.6,1,1,2013-04-25,1137,Aqua,MODIS,56,6.2,290,8.8,D,0
50.0529,20.0127,311.7,3.4,1.7,2013-04-26,0855,Terra,MODIS,62,6.2,297.5,30.2,D,0
54.3801,21.4658,328.3,2,1.4,2013-04-26,1042,Aqua,MODIS,85,6.2,291.9,66.3,D,0
54.1398,19.4009,312.1,2.5,1.5,2013-04-26,1220,Aqua,MODIS,62,6.2,294.3,26.1,D,0
51.199,22.5572,326.8,1,1,2013-04-27,0937,Terra,MODIS,76,6.2,298.1,18.4,D,0
51.197,22.5713,313.2,1,1,2013-04-27,0937,Terra,MODIS,52,6.2,297.2,5,D,0
54.3538,21.8831,304.6,1.3,1.2,2013-04-29,0924,Terra,MODIS,59,6.2,286.4,9.7,D,0
54.3638,21.7794,313.4,1.4,1.2,2013-04-29,0924,Terra,MODIS,74,6.2,285.4,18.1,D,0
54.3621,21.9813,306.6,1.3,1.1,2013-05-01,1100,Aqua,MODIS,62,6.2,290.6,8.1,D,0
53.5123,18.8086,307.9,1.8,1.3,2013-05-01,1100,Aqua,MODIS,57,6.2,295.7,11,D,0
54.1858,19.3763,315.9,1,1,2013-05-04,1131,Aqua,MODIS,73,6.2,294.4,10.6,D,0
51.1802,16.1225,302.4,1.1,1,2013-05-05,0102,Aqua,MODIS,48,6.2,274.9,10,N,0
51.6852,15.9857,307.7,1.2,1.1,2013-05-05,1026,Terra,MODIS,58,6.2,282.7,13.5,D,2
51.6882,15.9801,301.7,1.6,1.3,2013-05-06,0145,Aqua,MODIS,44,6.2,279.4,17.7,N,2
51.6858,15.9862,300.2,1.6,1.3,2013-05-06,0145,Aqua,MODIS,22,6.2,279.5,15,N,2
50.3886,23.0908,304.2,1,1,2013-05-06,0931,Terra,MODIS,45,6.2,289.4,3.7,D,0
50.5535,23.969,309,1.2,1.1,2013-05-08,0919,Terra,MODIS,37,6.2,296.3,5.7,D,0
51.6827,15.9932,312.5,2.8,1.6,2013-05-08,0919,Terra,MODIS,68,6.2,293.8,36.1,D,2
50.0651,20.0804,314.6,1.7,1.3,2013-05-08,1105,Aqua,MODIS,51,6.2,300,15.6,D,0
51.6864,15.9799,307.2,3.2,1.7,2013-05-08,1244,Aqua,MODIS,41,6.2,290.8,24.1,D,2
51.6905,15.9713,311.2,1.1,1.1,2013-05-08,2030,Terra,MODIS,82,6.2,286.4,15,N,2
51.6871,15.9785,321.3,1.1,1.1,2013-05-08,2030,Terra,MODIS,100,6.2,286.6,25.4,N,2
51.6887,15.988,319.4,1,1,2013-05-09,1002,Terra,MODIS,65,6.2,303,12.3,D,2
51.6907,15.9735,319.4,1,1,2013-05-09,1002,Terra,MODIS,64,6.2,303.3,12.3,D,2
50.4135,18.1521,310.4,1,1,2013-05-09,1002,Terra,MODIS,63,6.2,297.3,6.5,D,0
51.6822,15.9727,326.3,1,1,2013-05-09,1148,Aqua,MODIS,62,6.2,303.4,18.8,D,2
51.6843,15.9869,323.6,1,1,2013-05-09,1148,Aqua,MODIS,56,6.2,305.7,15.9,D,2
51.1763,16.1095,308.9,1.5,1.2,2013-05-13,1124,Aqua,MODIS,68,6.2,293.2,14.5,D,0
51.6942,15.9752,307.4,1,1,2013-05-13,2048,Terra,MODIS,71,6.2,280.8,11.3,N,2
51.6854,15.9783,327.2,1,1,2013-05-13,2048,Terra,MODIS,100,6.2,281.7,29.1,N,2
50.1012,19.0726,307.5,1.5,1.2,2013-05-14,1020,Terra,MODIS,32,6.2,293.9,11.1,D,0
50.4155,18.142,302,1,1,2013-05-15,2035,Terra,MODIS,46,6.2,286,6.9,N,0
50.0384,18.4841,304.1,1,1,2013-05-15,2035,Terra,MODIS,59,6.2,285.5,8.2,N,0
50.0676,20.1281,323.2,1.1,1,2013-05-16,0043,Aqua,MODIS,100,6.2,282.2,27.5,N,0
50.0731,20.083,300.1,1.1,1,2013-05-16,0043,Aqua,MODIS,18,6.2,282.8,7.4,N,0
53.1403,16.8817,312,1,1,2013-05-16,1007,Terra,MODIS,47,6.2,301.7,7.3,D,0
51.928,17.9805,310.5,1,1,2013-05-16,1007,Terra,MODIS,51,6.2,298.5,4.8,D,0
50.0667,20.1214,317.4,1.3,1.1,2013-05-16,1008,Terra,MODIS,63,6.2,299.2,14.1,D,0
51.6848,15.9699,309.4,2.2,1.4,2013-05-17,1050,Terra,MODIS,63,6.2,290.4,20.8,D,2
51.6773,15.9999,307.8,2.2,1.4,2013-05-17,1050,Terra,MODIS,59,6.2,290.1,16.3,D,2
51.682,15.9753,310.7,2.7,1.6,2013-05-17,1237,Aqua,MODIS,57,6.2,287.1,34.4,D,2
50.0914,18.0389,308.8,1,1,2013-05-18,1142,Aqua,MODIS,57,6.2,295.2,5.6,D,0
51.1771,16.1168,313.1,1,1,2013-05-19,0114,Aqua,MODIS,86,6.2,280.7,15.9,N,0
50.0519,21.6083,307.9,1,1,2013-05-20,1129,Aqua,MODIS,35,6.2,296,3,D,0
53.9447,21.5304,308.2,1,1,2013-05-20,1130,Aqua,MODIS,26,6.2,295,2.8,D,0
51.6887,15.9716,301.2,1.1,1,2013-05-20,2054,Terra,MODIS,38,6.2,283,8.2,N,2
50.3448,19.342,300,1,1,2013-05-21,0102,Aqua,MODIS,12,6.2,281.6,7.8,N,0
50.3317,19.2917,307.3,1.3,1.1,2013-05-22,1117,Aqua,MODIS,0,6.2,282.8,10.9,D,2
52.1277,17.5454,300.3,1.1,1,2013-05-27,0949,Terra,MODIS,28,6.2,286.6,5.1,D,0
52.0524,20.4335,302.9,1,1,2013-05-29,1124,Aqua,MODIS,16,6.2,289.4,2.8,D,0
53.0089,20.3178,311.3,1,1,2013-05-29,1124,Aqua,MODIS,58,6.2,292.7,8.3,D,0
51.6844,15.9813,310.3,1,1,2013-05-29,2048,Terra,MODIS,80,6.2,284.3,12.8,N,2
50.335,19.332,306.1,1.5,1.2,2013-05-31,1111,Aqua,MODIS,33,6.2,290.5,8.6,D,0
51.1772,16.1039,300.1,1,1,2013-06-07,2042,Terra,MODIS,14,6.2,284.1,5.7,N,0
51.6884,15.974,322.1,1,1,2013-06-07,2042,Terra,MODIS,100,6.2,281.6,22.6,N,2
52.7045,18.9682,312.2,1.2,1.1,2013-06-08,1013,Terra,MODIS,54,6.2,300.1,9,D,0
51.6796,15.9895,309.9,1,1,2013-06-08,1014,Terra,MODIS,60,6.2,290.8,8.7,D,2
51.6819,15.975,306.4,1,1,2013-06-08,1014,Terra,MODIS,50,6.2,289.1,5.9,D,2
52.2477,15.8316,310.9,1,1,2013-06-08,1014,Terra,MODIS,48,6.2,294.6,7.9,D,0
51.6326,15.1052,305.5,1,1,2013-06-08,1014,Terra,MODIS,31,6.2,286,4.3,D,0
53.5778,17.8701,305.5,1.3,1.1,2013-06-08,1201,Aqua,MODIS,28,6.2,292.6,7,D,0
50.07,20.0899,312.6,1.7,1.3,2013-06-09,0919,Terra,MODIS,23,6.2,297.5,12.1,D,0
53.6653,18.3455,304.4,1.6,1.2,2013-06-09,1106,Aqua,MODIS,53,6.2,291.9,6.6,D,0
51.1515,21.6517,302.2,1,1,2013-06-12,0949,Terra,MODIS,19,6.2,289.6,3.1,D,0
53.168,15.6811,305.6,1.1,1,2013-06-12,1136,Aqua,MODIS,31,6.2,294.1,4.1,D,0
52.5329,17.6325,307.9,1,1,2013-06-12,1136,Aqua,MODIS,25,6.2,295.9,4.6,D,0
51.6835,15.9859,315.9,1.1,1.1,2013-06-12,1136,Aqua,MODIS,46,6.2,300.9,12.7,D,2
51.183,16.1092,300.4,1,1,2013-06-13,0108,Aqua,MODIS,26,6.2,278.3,7.5,N,0
51.181,16.1234,302.5,1,1,2013-06-13,0108,Aqua,MODIS,49,6.2,280.3,8.6,N,0
50.3394,19.3438,304.4,1.2,1.1,2013-06-14,0937,Terra,MODIS,21,6.2,285.5,4.9,D,0
50.3079,21.4651,317.3,1,1,2013-06-14,1123,Aqua,MODIS,44,6.2,303.3,9.4,D,0
51.6327,15.0987,310.5,1.1,1,2013-06-15,1020,Terra,MODIS,50,6.2,296.7,6.1,D,0
51.6868,15.9789,321.9,1.2,1.1,2013-06-15,1206,Aqua,MODIS,69,6.2,293.8,21.7,D,2
51.1767,16.1166,302.7,1,1,2013-06-16,2036,Terra,MODIS,51,6.2,286.3,7.4,N,0
50.4186,18.1342,302.1,1,1,2013-06-16,2036,Terra,MODIS,46,6.2,288.2,5.9,N,0
50.4206,18.148,305,1,1,2013-06-16,2036,Terra,MODIS,63,6.2,288,7.7,N,0
50.0777,20.0884,308.3,1.1,1,2013-06-17,0043,Aqua,MODIS,74,6.2,287.8,11,N,0
52.9809,14.422,324.7,1,1,2013-06-17,1008,Terra,MODIS,81,6.2,299.9,19,D,0
50.3377,19.2927,340.4,1.2,1.1,2013-06-17,1008,Terra,MODIS,91,6.2,301.8,46,D,2
50.4239,18.1463,317.4,1.1,1,2013-06-17,1008,Terra,MODIS,61,6.2,299.9,10.9,D,0
50.336,19.2852,332.7,1.2,1.1,2013-06-17,1008,Terra,MODIS,79,6.2,302.7,33.6,D,2
51.6886,15.9767,331.9,1,1,2013-06-17,1008,Terra,MODIS,74,6.2,305.2,27.2,D,2
51.6853,15.9709,328.9,1,1,2013-06-17,1154,Aqua,MODIS,78,6.2,306.1,23.1,D,2
51.6872,15.9853,324,1,1,2013-06-17,1154,Aqua,MODIS,62,6.2,301.3,16.4,D,2
51.1812,16.1092,300.6,1.9,1.3,2013-06-17,2119,Terra,MODIS,30,6.2,287.3,12.6,N,0
51.1775,16.1096,309,1.1,1.1,2013-06-18,0126,Aqua,MODIS,76,6.2,288.2,12.5,N,0
51.1747,16.1253,301.4,1.1,1.1,2013-06-18,0126,Aqua,MODIS,40,6.2,287.6,6.9,N,0
51.684,15.9706,308.3,3.3,1.7,2013-06-18,0912,Terra,MODIS,61,6.2,291,26.8,D,2
51.6884,15.9649,307.3,3.3,1.7,2013-06-18,0913,Terra,MODIS,56,6.2,291.2,24.5,D,2
50.3336,19.2879,315.4,2.1,1.4,2013-06-18,1059,Aqua,MODIS,42,6.2,300.4,18.5,D,2
50.3328,19.2843,315.7,2.1,1.4,2013-06-18,1059,Aqua,MODIS,59,6.2,300.5,20.4,D,2
51.6841,15.9947,309.2,2.7,1.6,2013-06-18,1237,Aqua,MODIS,40,6.2,293.5,17,D,2
51.6873,15.9825,313.9,1.3,1.1,2013-06-18,2024,Terra,MODIS,88,6.2,285.3,18.3,N,2
51.6901,15.9963,300.6,2.3,1.5,2013-06-19,0030,Aqua,MODIS,30,6.2,288.1,17.7,N,2
50.3359,19.2937,319.9,1,1,2013-06-19,0956,Terra,MODIS,52,6.2,302,11,D,2
50.3383,19.3385,314.2,1,1,2013-06-19,0956,Terra,MODIS,48,6.2,298.9,6.8,D,0
50.7965,19.175,318.1,1,1,2013-06-19,1141,Aqua,MODIS,36,6.2,301.7,7.1,D,0
50.4179,18.1451,317.5,1,1,2013-06-19,1141,Aqua,MODIS,53,6.2,304.3,7.9,D,0
51.6834,15.969,319.4,1,1,2013-06-19,1142,Aqua,MODIS,43,6.2,306.5,11,D,2
51.6858,15.9836,321,1,1,2013-06-19,1142,Aqua,MODIS,50,6.2,304.7,12,D,2
51.6884,15.9852,310.6,1,1,2013-06-20,0113,Aqua,MODIS,80,6.2,292.5,10.4,N,2
50.4161,18.1437,302.1,1.1,1,2013-06-20,0114,Aqua,MODIS,47,6.2,291,5.9,N,0
51.1763,16.1182,317.4,1.7,1.3,2013-06-20,1038,Terra,MODIS,64,6.2,300.7,18.5,D,0
51.4561,21.9788,318.6,1,1,2013-06-21,0943,Terra,MODIS,42,6.2,304.9,8.5,D,0
50.336,19.2946,329.2,1.1,1,2013-06-21,0944,Terra,MODIS,79,6.2,307.6,17.9,D,2
50.3394,19.3413,319.4,1.1,1,2013-06-21,0944,Terra,MODIS,65,6.2,305.5,9.1,D,0
51.6873,15.9702,303.3,1.1,1,2013-06-21,2054,Terra,MODIS,54,6.2,290.1,6.8,N,2
51.6892,15.9855,309.6,1.1,1,2013-06-21,2054,Terra,MODIS,78,6.2,290.6,11.2,N,2
51.6357,15.1031,309.1,1.2,1.1,2013-06-22,1026,Terra,MODIS,25,6.2,294.8,5.7,D,0
53.1099,20.3882,307.8,1.7,1.3,2013-06-22,1026,Terra,MODIS,26,6.2,293,6.7,D,0
50.4168,18.1482,300.5,1,1,2013-06-23,2042,Terra,MODIS,23,6.2,288.6,4.4,N,0
51.1757,16.1049,300.9,1,1,2013-06-23,2042,Terra,MODIS,35,6.2,286.6,5.8,N,0
51.6856,15.9788,307.1,1.2,1.1,2013-06-28,0949,Terra,MODIS,39,6.2,294,8.1,D,2
50.0739,20.0897,301.8,1,1,2013-07-01,0055,Aqua,MODIS,44,6.2,281.4,7.8,N,0
50.3384,19.2979,315.6,1.5,1.2,2013-07-02,0925,Terra,MODIS,72,6.2,299.3,16.6,D,2
49.979,20.4284,304.7,1.4,1.2,2013-07-02,1111,Aqua,MODIS,20,6.2,292.3,3.8,D,0
51.6885,15.9863,304.9,1,1,2013-07-02,2036,Terra,MODIS,62,6.2,281.5,9,N,2
50.4178,18.143,305.9,1,1,2013-07-02,2036,Terra,MODIS,66,6.2,289.7,8.1,N,0
51.6861,15.9717,303.4,1,1,2013-07-02,2036,Terra,MODIS,55,6.2,281.5,8.2,N,2
50.3389,19.3005,305,1.2,1.1,2013-07-03,0043,Aqua,MODIS,62,6.2,286.4,10.4,N,2
52.9771,20.2304,314,1.1,1.1,2013-07-03,1007,Terra,MODIS,69,6.2,297.4,9.2,D,0
54.3454,18.7329,306.7,1,1,2013-07-03,1007,Terra,MODIS,50,6.2,293.1,4.5,D,0
50.0132,22.6806,310.4,1.6,1.2,2013-07-03,1153,Aqua,MODIS,59,6.2,297,8.1,D,0
50.3302,19.3071,315.3,2.2,1.4,2013-07-04,0913,Terra,MODIS,46,6.2,297.6,22.7,D,2
50.343,19.2851,315.9,2.2,1.4,2013-07-04,0913,Terra,MODIS,47,6.2,299.6,25.3,D,0
50.3322,19.2761,315.7,2.2,1.4,2013-07-04,0913,Terra,MODIS,49,6.2,298.9,22,D,2
50.5499,22.0536,315.8,1.1,1.1,2013-07-05,0955,Terra,MODIS,68,6.2,298.7,11.5,D,0
50.1038,19.0755,314.1,1,1,2013-07-05,1141,Aqua,MODIS,65,6.2,299,7.1,D,0
51.6896,15.9818,304.5,1.7,1.3,2013-07-06,2012,Terra,MODIS,60,6.2,288.5,17,N,2
51.6845,15.9942,312.5,1.4,1.2,2013-07-07,0943,Terra,MODIS,41,6.2,293.7,12.2,D,2
50.4648,21.8615,312.6,1,1,2013-07-07,1129,Aqua,MODIS,51,6.2,299.9,7.6,D,0
51.6878,15.9746,304.9,1.1,1,2013-07-07,2054,Terra,MODIS,62,6.2,288.7,8.9,N,2
50.3395,19.2986,301.3,1,1,2013-07-08,0102,Aqua,MODIS,40,6.2,286.5,6.7,N,2
50.7144,23.2649,305.3,2.7,1.6,2013-07-08,1026,Terra,MODIS,43,6.2,292.1,12.7,D,0
51.9625,17.5082,308.1,1.4,1.2,2013-07-08,1026,Terra,MODIS,39,6.2,294.9,7,D,0
50.3427,19.2898,321.1,1.3,1.1,2013-07-09,0931,Terra,MODIS,66,6.2,303,17.5,D,0
50.3325,19.2873,321.3,1.3,1.1,2013-07-09,0931,Terra,MODIS,71,6.2,303.3,18.2,D,2
50.331,19.292,319.5,1.3,1.1,2013-07-09,1117,Aqua,MODIS,62,6.2,304,15.5,D,2
50.338,19.3279,313.6,1.3,1.1,2013-07-09,1117,Aqua,MODIS,17,6.2,301.4,9.9,D,0
50.0763,20.0855,302.5,1.1,1,2013-07-09,2041,Terra,MODIS,50,6.2,290.8,6.5,N,0
50.3383,19.2874,305.3,1.1,1,2013-07-09,2042,Terra,MODIS,64,6.2,290.7,8.1,N,0
51.6905,15.9816,303.1,1.2,1.1,2013-07-11,0132,Aqua,MODIS,53,6.2,284.4,10.2,N,2
50.6199,19.8244,307.5,1.1,1,2013-07-12,1002,Terra,MODIS,49,6.2,292.4,7.1,D,0
51.1811,16.1061,304.7,1.5,1.2,2013-07-13,2017,Terra,MODIS,61,6.2,284.1,15.7,N,0
50.3403,19.2892,330.8,1,1,2013-07-14,0949,Terra,MODIS,87,6.2,295.6,27.1,D,0
50.3384,19.3031,313.8,1,1,2013-07-14,0949,Terra,MODIS,70,6.2,292.3,9.6,D,2
51.6912,15.9926,301,1.9,1.4,2013-07-16,0150,Aqua,MODIS,36,6.2,283.4,18.8,N,2
51.6913,15.9676,315.6,1.7,1.3,2013-07-16,0937,Terra,MODIS,51,6.2,298.4,19.1,D,2
51.6893,15.9915,313.2,1.6,1.3,2013-07-16,0937,Terra,MODIS,21,6.2,297.5,14.9,D,2
50.3394,19.2794,308.4,1.2,1.1,2013-07-16,2048,Terra,MODIS,74,6.2,287.8,12.4,N,0
51.6881,15.9731,316,1,1,2013-07-16,2048,Terra,MODIS,92,6.2,282,16.7,N,2
50.3412,19.2955,310.1,1.2,1.1,2013-07-16,2048,Terra,MODIS,79,6.2,287.1,13.9,N,2
50.337,19.2942,309.5,1,1,2013-07-17,0055,Aqua,MODIS,78,6.2,284.4,11.9,N,2
51.692,15.9823,303.5,1.2,1.1,2013-07-17,0055,Aqua,MODIS,56,6.2,280.2,11.6,N,2
51.6864,15.9721,322.5,1.1,1,2013-07-17,1020,Terra,MODIS,77,6.2,302.5,17.8,D,2
51.6863,15.9799,323.1,1.2,1.1,2013-07-17,1206,Aqua,MODIS,68,6.2,303.8,20.4,D,2
51.6974,15.9766,301.6,2.8,1.6,2013-07-17,1953,Terra,MODIS,42,6.2,287.2,26.3,N,0
51.6803,15.9922,310.9,2.3,1.5,2013-07-18,0925,Terra,MODIS,59,6.2,291.8,19.4,D,2
51.688,15.9861,314.2,3.1,1.7,2013-07-18,1102,Terra,MODIS,0,6.2,290.5,45.3,D,2
50.0721,20.0732,307.3,1,1,2013-07-18,2035,Terra,MODIS,71,6.2,289.2,8.6,N,0
50.074,20.0872,320.2,1,1,2013-07-18,2035,Terra,MODIS,100,6.2,290.1,19.3,N,0
50.3359,19.2897,303.2,1,1,2013-07-18,2035,Terra,MODIS,54,6.2,290.1,6.2,N,2
50.421,18.1368,308.7,1,1,2013-07-18,2035,Terra,MODIS,75,6.2,290.1,9.6,N,0
51.6891,15.9768,313.8,1,1,2013-07-18,2036,Terra,MODIS,88,6.2,290.2,14.6,N,2
51.6891,15.977,328.2,1,1,2013-07-19,1007,Terra,MODIS,73,6.2,299.4,21.5,D,2
50.3373,19.2942,317.1,1.2,1.1,2013-07-19,1008,Terra,MODIS,48,6.2,299.7,13.8,D,2
50.4998,18.9396,307.9,1.1,1.1,2013-07-19,1008,Terra,MODIS,27,6.2,291.8,7.2,D,0
50.3774,18.2467,307.2,1.1,1,2013-07-19,1154,Aqua,MODIS,24,6.2,293.6,3.1,D,0
51.6845,15.9766,303.1,1.3,1.1,2013-07-20,2024,Terra,MODIS,53,6.2,287.5,9.9,N,2
50.3423,19.2965,304.5,1.5,1.2,2013-07-21,0031,Aqua,MODIS,60,6.2,283.6,17,N,2
50.3381,19.2902,324.5,1,1,2013-07-21,0955,Terra,MODIS,80,6.2,296.9,17.3,D,0
50.7815,19.1948,312.1,1,1,2013-07-21,0955,Terra,MODIS,35,6.2,299.7,6.8,D,0
50.3405,19.3349,310.8,1,1,2013-07-21,0955,Terra,MODIS,28,6.2,298.9,6.6,D,0
50.4162,18.1493,312.5,1,1,2013-07-21,0956,Terra,MODIS,62,6.2,300.5,6.4,D,0
50.9703,16.9307,309.3,1,1,2013-07-21,1141,Aqua,MODIS,53,6.2,296.5,4.1,D,0
51.0295,17.3115,315.2,1,1,2013-07-21,1141,Aqua,MODIS,39,6.2,301.3,7.5,D,0
50.3323,19.2892,316,1,1,2013-07-21,1141,Aqua,MODIS,41,6.2,301.6,7.8,D,2
51.2858,17.9056,307.8,1,1,2013-07-21,1142,Aqua,MODIS,15,6.2,295.7,2.5,D,0
52.9097,16.0667,312.8,1,1,2013-07-21,1142,Aqua,MODIS,33,6.2,300.2,4.9,D,0
51.6879,15.9822,328.4,1,1,2013-07-21,1142,Aqua,MODIS,71,6.2,306.4,20.8,D,2
51.695,17.2776,312.1,1,1,2013-07-21,1142,Aqua,MODIS,55,6.2,298.5,5.6,D,0
50.3327,19.2845,302.6,1.8,1.3,2013-07-21,2106,Terra,MODIS,50,6.2,287.3,16.4,N,2
50.3381,19.2767,300.4,1.8,1.3,2013-07-21,2106,Terra,MODIS,23,6.2,287.8,12,N,0
51.177,16.119,312.3,1,1,2013-07-22,0114,Aqua,MODIS,84,6.2,286.1,13.8,N,0
50.3453,19.2972,302.4,2.2,1.4,2013-07-23,0018,Aqua,MODIS,49,6.2,285.8,22.9,N,2
51.6902,15.9757,315.9,1.3,1.1,2013-07-23,1129,Aqua,MODIS,53,6.2,303.2,10.4,D,2
50.3366,19.2808,319.6,1.1,1,2013-07-23,1129,Aqua,MODIS,37,6.2,305.8,10.9,D,2
49.904,18.4635,309.4,1.1,1.1,2013-07-23,1129,Aqua,MODIS,30,6.2,296.8,4,D,0
51.6806,15.9806,322,1.3,1.1,2013-07-23,1129,Aqua,MODIS,76,6.2,308.3,19.1,D,2
51.6876,15.9827,305.3,1.1,1,2013-07-23,2054,Terra,MODIS,64,6.2,288.8,9.4,N,2
50.3405,19.2875,301.7,1.3,1.1,2013-07-23,2054,Terra,MODIS,44,6.2,287.6,10,N,0
50.3321,19.2906,311.2,1.8,1.3,2013-07-24,1026,Terra,MODIS,52,6.2,296.6,13.8,D,2
51.6844,15.9803,319.4,1.2,1.1,2013-07-24,1026,Terra,MODIS,75,6.2,305.7,16.2,D,2
50.4173,18.1407,313.9,1.6,1.2,2013-07-24,1026,Terra,MODIS,60,6.2,301.9,15.8,D,0
53.4713,16.4492,329.6,1.5,1.2,2013-07-24,1213,Aqua,MODIS,73,6.2,302.2,42.4,D,0
51.6868,15.9692,305.3,1,1,2013-07-25,2042,Terra,MODIS,64,6.2,289.6,7.6,N,2
50.4179,18.1428,305.5,1,1,2013-07-25,2042,Terra,MODIS,64,6.2,289.1,8.2,N,0
50.0641,20.1194,308.8,1,1,2013-07-26,0049,Aqua,MODIS,76,6.2,287.4,10.4,N,0
50.0622,20.1333,308.4,1,1,2013-07-26,0049,Aqua,MODIS,74,6.2,287.4,10.3,N,0
50.3387,19.2832,321.7,1.3,1.1,2013-07-26,1200,Aqua,MODIS,13,6.2,301.8,16.6,D,0
50.3313,19.2922,326.8,1.3,1.1,2013-07-26,1200,Aqua,MODIS,76,6.2,302.6,24.6,D,2
50.3407,19.2899,300.6,1.8,1.3,2013-07-27,0132,Aqua,MODIS,31,6.2,288.1,12.7,N,0
51.6843,15.9575,317.8,3.2,1.7,2013-07-27,1243,Aqua,MODIS,62,6.2,297.5,40.9,D,0
51.6938,15.9852,305.1,1.1,1.1,2013-07-27,2030,Terra,MODIS,63,6.2,292.9,6.4,N,2
51.691,15.9694,309.4,1.1,1.1,2013-07-27,2030,Terra,MODIS,77,6.2,294.6,9.9,N,2
50.3322,19.2903,325,1.1,1,2013-07-28,1002,Terra,MODIS,63,6.2,307.6,12.6,D,2
50.4178,18.1398,322.5,1,1,2013-07-28,1002,Terra,MODIS,61,6.2,309.2,10.2,D,0
50.3352,19.2933,326.4,1.1,1,2013-07-28,1147,Aqua,MODIS,57,6.2,309,12.5,D,2
51.679,15.9808,328.6,1,1,2013-07-28,1148,Aqua,MODIS,77,6.2,310.8,14.3,D,2
50.3417,19.297,306.5,1.3,1.1,2013-07-29,0120,Aqua,MODIS,68,6.2,293.6,10.4,N,2
51.694,15.983,321.5,1.2,1.1,2013-07-30,0949,Terra,MODIS,80,6.2,292.8,20.8,D,2
51.6865,15.9837,324.4,1.1,1.1,2013-07-30,1136,Aqua,MODIS,71,6.2,296.6,22.7,D,2
51.6837,15.9679,319.3,1.1,1.1,2013-07-30,1136,Aqua,MODIS,74,6.2,297.4,16.5,D,2
51.6846,15.9761,310,1.2,1.1,2013-07-30,2100,Terra,MODIS,79,6.2,287.9,14.1,N,2
51.6942,15.9734,314.5,1.2,1.1,2013-07-30,2100,Terra,MODIS,89,6.2,287.6,17.6,N,2
51.6876,15.978,311.2,1.6,1.3,2013-08-01,0937,Terra,MODIS,50,6.2,287.4,14.5,D,2
51.6859,15.9869,301.9,1,1,2013-08-01,2048,Terra,MODIS,45,6.2,290.5,5.5,N,2
51.6928,15.9693,311.9,1,1,2013-08-01,2048,Terra,MODIS,84,6.2,289.7,11.7,N,2
51.1755,16.1128,301.7,1,1,2013-08-01,2048,Terra,MODIS,44,6.2,289.5,5.4,N,0
50.3397,19.2824,301.1,1.2,1.1,2013-08-01,2048,Terra,MODIS,38,6.2,289.5,6.5,N,0
50.0674,20.1103,300.1,1,1,2013-08-02,0055,Aqua,MODIS,14,6.2,286.8,5.1,N,0
50.3443,19.2949,309.6,1,1,2013-08-02,0055,Aqua,MODIS,78,6.2,287.7,11.1,N,2
50.0653,20.124,303.4,1,1,2013-08-02,0055,Aqua,MODIS,55,6.2,287.2,7.1,N,0
51.1815,16.1155,318.8,1.1,1.1,2013-08-02,1020,Terra,MODIS,61,6.2,305.7,10.3,D,0
49.5186,22.1324,311.7,2.2,1.4,2013-08-02,1020,Terra,MODIS,63,6.2,295.8,20.6,D,0
49.5203,22.1284,311.3,2.2,1.4,2013-08-02,1020,Terra,MODIS,60,6.2,295.4,21.1,D,0
51.6854,15.9897,321.6,1.1,1,2013-08-02,1020,Terra,MODIS,64,6.2,306.4,13.9,D,2
51.6881,15.9743,324.4,1.1,1,2013-08-02,1020,Terra,MODIS,67,6.2,306.1,17.2,D,2
50.3413,19.3127,305,3.8,1.8,2013-08-03,0000,Aqua,MODIS,63,6.2,289.5,55.4,N,2
52.3701,21.3552,312.2,1.2,1.1,2013-08-03,1111,Aqua,MODIS,44,6.2,300.8,7.1,D,0
51.688,15.9861,310,1,1,2013-08-03,2036,Terra,MODIS,79,6.2,293.5,8.7,N,2
51.6856,15.9714,317.2,1,1,2013-08-03,2036,Terra,MODIS,95,6.2,293.7,14.9,N,2
51.6945,15.9676,307.2,1,1,2013-08-03,2036,Terra,MODIS,70,6.2,292.6,6.7,N,2
50.4181,18.1422,305.8,1,1,2013-08-03,2036,Terra,MODIS,66,6.2,294.6,6.2,N,0
50.3381,19.2967,314.9,1.2,1.1,2013-08-04,0043,Aqua,MODIS,90,6.2,290.8,17.6,N,2
50.3331,19.2879,319.5,1.2,1.1,2013-08-04,1008,Terra,MODIS,58,6.2,305.4,11.7,D,2
51.6866,15.982,315,1,1,2013-08-04,1154,Aqua,MODIS,57,6.2,299.8,7.3,D,2
51.6805,15.9827,309.2,2.2,1.5,2013-08-05,1050,Terra,MODIS,56,6.2,293.2,16,D,2
51.6834,15.9703,312,2.7,1.6,2013-08-05,1059,Aqua,MODIS,62,6.2,295,31.9,D,2
50.3388,19.2882,307.8,1.1,1,2013-08-05,2023,Terra,MODIS,73,6.2,292.9,8.5,N,0
50.0627,20.1129,309.4,1,1,2013-08-05,2023,Terra,MODIS,77,6.2,289.4,9.7,N,0
50.0649,20.1269,309.3,1,1,2013-08-05,2023,Terra,MODIS,77,6.2,288.3,9.9,N,0
51.6933,15.9822,312,1.3,1.1,2013-08-05,2024,Terra,MODIS,84,6.2,291.6,15.3,N,2
51.69,15.9647,313.7,1.3,1.1,2013-08-05,2024,Terra,MODIS,88,6.2,292.6,17.4,N,2
51.9599,21.2641,315.6,1,1,2013-08-06,0955,Terra,MODIS,0,6.2,299.9,6.1,D,0
50.0581,20.1266,321.5,1,1,2013-08-06,0956,Terra,MODIS,61,6.2,306.2,10.1,D,0
50.3323,19.2899,328.6,1,1,2013-08-06,0956,Terra,MODIS,79,6.2,308.7,18.3,D,2
49.6099,21.8047,323.1,1.1,1,2013-08-06,1141,Aqua,MODIS,74,6.2,307.5,12.1,D,0
53.0305,17.5776,326.3,1,1,2013-08-06,1142,Aqua,MODIS,55,6.2,301.2,17.8,D,0
53.0217,17.5811,348.1,1,1,2013-08-06,1142,Aqua,MODIS,94,6.2,301.6,52,D,0
53.0196,17.5665,323.4,1,1,2013-08-06,1142,Aqua,MODIS,66,6.2,296.9,14.7,D,0
51.1811,16.1061,306.7,1.3,1.2,2013-08-06,2107,Terra,MODIS,69,6.2,278.8,13.5,N,0
50.3389,19.292,306.2,1.2,1.1,2013-08-07,0114,Aqua,MODIS,67,6.2,292.4,9,N,2
50.3388,19.3049,320.8,2.5,1.5,2013-08-07,1038,Terra,MODIS,74,6.2,299.7,41.4,D,2
50.7165,18.7443,323.1,2.3,1.5,2013-08-07,1038,Terra,MODIS,76,6.2,296.4,50,D,0
50.7086,18.775,336.5,2.3,1.5,2013-08-07,1038,Terra,MODIS,88,6.2,297.1,109.1,D,0
50.7125,18.7721,328.2,2.3,1.5,2013-08-07,1038,Terra,MODIS,82,6.2,296.8,70.9,D,0
50.7001,18.7642,327.1,2.3,1.5,2013-08-07,1038,Terra,MODIS,81,6.2,297.6,64.2,D,0
51.9003,20.1319,317.2,2.5,1.5,2013-08-07,1038,Terra,MODIS,68,6.2,300.7,22,D,0
51.8852,20.1361,321.1,2.4,1.5,2013-08-07,1047,Aqua,MODIS,74,6.2,301.5,33,D,0
50.341,19.299,305.2,1.3,1.1,2013-08-07,2011,Terra,MODIS,63,6.2,294.3,7.5,N,2
50.3375,19.2811,311.9,1.3,1.1,2013-08-07,2011,Terra,MODIS,84,6.2,295.2,14.5,N,2
52.4001,18.9911,320,1.1,1.1,2013-08-08,0943,Terra,MODIS,65,6.2,303.1,7.7,D,0
52.3982,19.0074,324.7,1.1,1.1,2013-08-08,0943,Terra,MODIS,55,6.2,304,13.3,D,0
50.9973,22.4511,322.6,1,1,2013-08-08,0943,Terra,MODIS,71,6.2,304.2,11,D,0
51.5135,20.0831,322.3,1,1,2013-08-08,1129,Aqua,MODIS,64,6.2,307.2,9.7,D,0
50.3977,19.023,323.9,1.1,1,2013-08-08,1129,Aqua,MODIS,70,6.2,305.4,12,D,0
50.336,19.0382,329,1.1,1,2013-08-08,1129,Aqua,MODIS,77,6.2,308.3,15.4,D,0
50.33,19.2897,324.8,1.1,1,2013-08-08,1129,Aqua,MODIS,25,6.2,310.6,9.9,D,2
52.1398,19.1309,333.5,1,1,2013-08-08,1130,Aqua,MODIS,83,6.2,307.7,21.3,D,0
52.2234,17.9857,321.2,1.1,1,2013-08-08,1130,Aqua,MODIS,70,6.2,297.6,12.1,D,0
52.1375,19.1163,329.3,1,1,2013-08-08,1130,Aqua,MODIS,79,6.2,306.7,15.7,D,0
50.4142,18.144,304,1.2,1.1,2013-08-08,2054,Terra,MODIS,58,6.2,293.6,5.7,N,0
50.427,18.1498,301.5,1,1,2013-08-09,0101,Aqua,MODIS,42,6.2,291.4,4.1,N,0
50.6662,23.6232,316.3,1,1,2013-08-10,1117,Aqua,MODIS,53,6.2,296.5,6.7,D,0
50.6641,23.6092,348.3,1,1,2013-08-10,1117,Aqua,MODIS,94,6.2,298.3,52,D,0
50.3395,19.2913,322.2,1.3,1.1,2013-08-11,1014,Terra,MODIS,60,6.2,292.8,27,D,0
51.6881,15.9821,318.7,1.2,1.1,2013-08-12,0132,Aqua,MODIS,97,6.2,283.8,26.8,N,2
51.6869,15.9727,302.5,2.8,1.6,2013-08-12,0919,Terra,MODIS,41,6.2,282.5,18,D,2
49.6046,20.6186,315.1,1.6,1.3,2013-08-12,1104,Aqua,MODIS,70,6.2,298.3,16.1,D,0
50.6617,21.8177,316.7,1.4,1.2,2013-08-12,1105,Aqua,MODIS,71,6.2,298.6,13.3,D,0
50.0639,20.1186,311.5,1,1,2013-08-12,2029,Terra,MODIS,83,6.2,288.6,11.6,N,0
51.181,16.1131,312.3,1,1,2013-08-13,1002,Terra,MODIS,61,6.2,294.7,8.5,D,0
51.6893,15.9786,321.5,1,1,2013-08-14,0120,Aqua,MODIS,100,6.2,281.1,23.8,N,2
51.6861,15.9773,333.4,1.2,1.1,2013-08-15,0949,Terra,MODIS,76,6.2,298.5,41.9,D,2
51.6842,15.9948,313.5,1.2,1.1,2013-08-15,0949,Terra,MODIS,49,6.2,296.6,13.5,D,2
50.3342,19.2865,344.7,1,1,2013-08-15,1135,Aqua,MODIS,81,6.2,298,46.5,D,2
51.1715,22.0615,306.8,1.1,1,2013-08-15,1135,Aqua,MODIS,27,6.2,294.9,4.6,D,0
53.7541,19.8092,301.8,1,1,2013-08-15,1136,Aqua,MODIS,37,6.2,288.6,2.7,D,0
50.3372,19.2917,301.5,1.6,1.2,2013-08-15,2100,Terra,MODIS,41,6.2,284.6,13.7,N,2
51.1825,16.116,306.9,1.2,1.1,2013-08-15,2100,Terra,MODIS,70,6.2,283.4,13.8,N,0
50.3358,19.2921,300.7,1.1,1,2013-08-16,0108,Aqua,MODIS,33,6.2,283.1,7.9,N,2
51.3645,16.9902,318.7,1.6,1.2,2013-08-16,1032,Terra,MODIS,75,6.2,295.3,24.5,D,0
51.3751,16.9962,315.9,1.6,1.2,2013-08-16,1032,Terra,MODIS,68,6.2,294.8,19.8,D,0
50.2708,18.1275,312.9,1.9,1.3,2013-08-16,1032,Terra,MODIS,65,6.2,299.2,12.7,D,0
50.3366,19.2953,321.3,1.2,1.1,2013-08-17,0937,Terra,MODIS,74,6.2,303,17.1,D,2
50.3408,19.2859,316.4,1.2,1.1,2013-08-17,0937,Terra,MODIS,19,6.2,303.6,9.1,D,0
50.3504,21.0133,316.6,1,1,2013-08-17,1123,Aqua,MODIS,56,6.2,303.4,7.2,D,0
50.8109,23.7017,329,1,1,2013-08-17,1123,Aqua,MODIS,83,6.2,298.7,20.9,D,0
50.335,19.2809,318.1,1.2,1.1,2013-08-17,1123,Aqua,MODIS,58,6.2,305.5,11.3,D,2
51.6829,15.9809,327.2,1.4,1.2,2013-08-17,1123,Aqua,MODIS,71,6.2,304.6,34.5,D,2
51.6931,15.9682,314,1,1,2013-08-17,2048,Terra,MODIS,88,6.2,288.2,14.1,N,2
50.4199,18.1366,301.5,1.1,1,2013-08-17,2048,Terra,MODIS,42,6.2,289.3,6.7,N,0
50.5945,20.3435,322,1.8,1.3,2013-08-18,1206,Aqua,MODIS,73,6.2,306,16.4,D,0
50.4036,20.3908,300.5,1.9,1.3,2013-08-18,1953,Terra,MODIS,29,6.2,288.6,12,N,0
50.6238,22.055,321.9,1.2,1.1,2013-08-19,0925,Terra,MODIS,75,6.2,300.4,15.6,D,0
49.5609,21.903,321.7,1.2,1.1,2013-08-19,0925,Terra,MODIS,75,6.2,303.8,14.7,D,0
49.9584,20.8295,323.8,1.3,1.1,2013-08-19,1111,Aqua,MODIS,78,6.2,301.9,20.7,D,0
51.1772,16.1099,302.6,1.3,1.1,2013-08-21,2024,Terra,MODIS,50,6.2,283.2,11.6,N,0
51.6882,15.9733,304.6,1.3,1.1,2013-08-21,2024,Terra,MODIS,61,6.2,284.4,12.5,N,2
51.6373,18.3426,312.8,1,1,2013-08-22,1142,Aqua,MODIS,70,6.2,294.8,8.2,D,0
51.6832,15.9857,310.1,1.6,1.3,2013-08-23,1038,Terra,MODIS,47,6.2,294.2,14.4,D,2
51.6845,15.9808,310.1,1.6,1.3,2013-08-23,1038,Terra,MODIS,54,6.2,295.1,15.5,D,2
54.3412,21.7111,304.8,1,1,2013-08-24,0942,Terra,MODIS,53,6.2,290,4.8,D,0
54.3433,21.6956,303,1,1,2013-08-24,0942,Terra,MODIS,38,6.2,289.8,3.7,D,0
51.1033,15.2289,305.6,1.5,1.2,2013-08-24,0943,Terra,MODIS,24,6.2,293.8,7,D,0
50.0357,18.4914,305.4,1.1,1,2013-08-24,0944,Terra,MODIS,61,6.2,286.2,6.8,D,0
50.069,20.0841,309.3,1,1,2013-08-24,0944,Terra,MODIS,61,6.2,288.7,6.2,D,0
49.7294,22.7417,308.9,1,1,2013-08-24,0944,Terra,MODIS,48,6.2,292,6.8,D,0
50.8122,17.5781,305.4,1.2,1.1,2013-08-24,1129,Aqua,MODIS,39,6.2,293.6,3.1,D,0
51.1302,19.0448,309.6,1.3,1.1,2013-08-24,2054,Terra,MODIS,78,6.2,284,18.5,N,0
51.6937,15.9721,302,1.1,1,2013-08-24,2054,Terra,MODIS,46,6.2,284.5,7.7,N,2
50.3429,19.3026,305.7,1,1,2013-08-25,0101,Aqua,MODIS,65,6.2,284,9.3,N,2
50.3451,19.2887,304,1,1,2013-08-25,0101,Aqua,MODIS,58,6.2,284.7,8.2,N,0
50.3307,19.2965,305,1.8,1.3,2013-08-25,1026,Terra,MODIS,43,6.2,289,8.9,D,2
51.0111,17.1442,325.2,1.6,1.2,2013-08-26,1117,Aqua,MODIS,83,6.2,294.6,35.7,D,0
53.3376,17.1071,304.2,1.4,1.2,2013-08-26,1118,Aqua,MODIS,12,6.2,292.1,4.9,D,0
51.69,15.9747,306.7,1,1,2013-08-26,2042,Terra,MODIS,69,6.2,286.5,9.3,N,2
51.6888,15.977,311.5,1.4,1.2,2013-08-27,0049,Aqua,MODIS,83,6.2,283.1,23.4,N,2
52.5087,18.8952,316,1.2,1.1,2013-08-27,1014,Terra,MODIS,65,6.2,294.9,14.3,D,0
51.1774,16.1105,304.8,1.1,1.1,2013-08-28,2030,Terra,MODIS,62,6.2,284,11.2,N,0
51.6887,15.9752,303,1.1,1.1,2013-08-28,2030,Terra,MODIS,53,6.2,280.3,10.2,N,2
52.5898,19.6915,310.1,1,1,2013-08-29,1001,Terra,MODIS,42,6.2,297.1,4.6,D,0
53.8283,15.6963,308.5,1.1,1,2013-08-29,1001,Terra,MODIS,37,6.2,294.6,6.3,D,0
53.8303,15.6802,311.4,1.1,1,2013-08-29,1001,Terra,MODIS,61,6.2,295.6,8.9,D,0
51.3067,15.8168,312,1,1,2013-08-29,1002,Terra,MODIS,41,6.2,298.3,4.9,D,0
51.6911,15.9736,307.2,1,1,2013-08-30,0119,Aqua,MODIS,71,6.2,277.9,12.4,N,2
51.6888,15.988,311.2,1,1,2013-08-30,0119,Aqua,MODIS,82,6.2,277.5,15.4,N,2
50.3402,19.2821,302.4,1.3,1.1,2013-08-30,0120,Aqua,MODIS,32,6.2,282.7,11,N,0
50.3425,19.3095,301.9,1.3,1.1,2013-08-30,0120,Aqua,MODIS,27,6.2,282.3,10.6,N,2
50.3461,19.2916,311,1.3,1.1,2013-08-30,0120,Aqua,MODIS,82,6.2,283.2,19.5,N,0
50.3367,19.3001,318.5,1.3,1.1,2013-08-30,0120,Aqua,MODIS,97,6.2,282.9,29,N,2
51.1803,16.1137,312.1,1.2,1.1,2013-08-31,0950,Terra,MODIS,48,6.2,295.7,7.9,D,0
52.5878,19.6681,304.6,1.3,1.1,2013-09-01,2006,Terra,MODIS,61,6.2,282.2,13.7,N,0
52.5833,19.6744,315.6,1,1,2013-09-03,0054,Aqua,MODIS,92,6.2,284.1,17.3,N,0
50.0763,20.0879,302.5,1.7,1.3,2013-09-03,1020,Terra,MODIS,45,6.2,289.2,8.1,D,0
51.6844,15.9855,307.6,1.1,1,2013-09-03,1020,Terra,MODIS,62,6.2,295.5,7.1,D,2
50.3353,19.2755,308.5,1.5,1.2,2013-09-04,1110,Aqua,MODIS,51,6.2,295.8,11.8,D,0
51.8614,18.0323,328.3,1,1,2013-09-05,1008,Terra,MODIS,41,6.2,296.6,20.9,D,0
51.8639,18.0176,332.6,1,1,2013-09-05,1008,Terra,MODIS,45,6.2,296.8,26.6,D,0
51.0576,16.0279,303.7,1,1,2013-09-05,1153,Aqua,MODIS,25,6.2,291.3,3.8,D,0
50.4249,23.8433,309.7,1.8,1.3,2013-09-05,1153,Aqua,MODIS,51,6.2,296.2,12.3,D,0
51.6907,15.9816,301.1,1.1,1,2013-09-06,0125,Aqua,MODIS,37,6.2,283.4,8.6,N,2
50.5618,16.4104,305,2.6,1.5,2013-09-06,1051,Terra,MODIS,53,6.2,294.2,16.3,D,0
51.2988,15.8368,305.9,2.3,1.5,2013-09-06,1051,Terra,MODIS,54,6.2,294.7,14.5,D,0
51.2958,15.8401,305.2,2.3,1.5,2013-09-06,1051,Terra,MODIS,40,6.2,294.8,11.6,D,0
50.5935,23.5857,322.5,1.4,1.2,2013-09-06,1058,Aqua,MODIS,81,6.2,297.1,26.1,D,0
50.5971,23.6041,316.5,1.3,1.2,2013-09-06,1058,Aqua,MODIS,76,6.2,296,16.5,D,0
50.3355,19.2866,300.1,1.1,1,2013-09-06,2023,Terra,MODIS,14,6.2,284.4,7,N,2
50.3404,19.297,305.4,1.5,1.2,2013-09-07,0030,Aqua,MODIS,64,6.2,282.4,19.3,N,2
51.016,23.027,310.3,1.2,1.1,2013-09-07,0955,Terra,MODIS,54,6.2,295.9,8.8,D,0
53.9533,19.432,350.4,1,1,2013-09-07,0955,Terra,MODIS,91,6.2,299.4,59.3,D,0
51.7895,20.9766,306.3,1,1,2013-09-07,0955,Terra,MODIS,52,6.2,295.5,4.4,D,0
53.9512,19.4469,326.4,1,1,2013-09-07,0955,Terra,MODIS,73,6.2,300.4,20.7,D,0
51.1382,21.941,306.9,1.1,1.1,2013-09-07,0955,Terra,MODIS,41,6.2,296.4,4.8,D,0
51.1409,21.9257,305.5,1.1,1,2013-09-07,0955,Terra,MODIS,25,6.2,293.5,3.7,D,0
50.324,21.531,306,1.1,1.1,2013-09-07,0956,Terra,MODIS,51,6.2,295.7,6.7,D,0
51.4161,16.4094,309.4,1.1,1,2013-09-07,0956,Terra,MODIS,51,6.2,298.9,5.7,D,0
50.3078,23.0519,308.7,1.2,1.1,2013-09-07,0956,Terra,MODIS,50,6.2,296.6,5.9,D,0
50.3398,19.2936,318.4,1,1,2013-09-07,0956,Terra,MODIS,73,6.2,299.2,12.8,D,2
50.3422,19.3384,308.7,1,1,2013-09-07,0956,Terra,MODIS,57,6.2,297.7,6.4,D,0
50.331,19.2903,310.3,1,1,2013-09-07,0956,Terra,MODIS,16,6.2,298.7,5.7,D,2
51.6858,15.9694,316.8,1,1,2013-09-07,1141,Aqua,MODIS,70,6.2,303.4,11.1,D,2
51.6882,15.984,317.9,1,1,2013-09-07,1141,Aqua,MODIS,73,6.2,301.2,12.1,D,2
50.5903,21.7603,314.2,1.1,1.1,2013-09-07,1141,Aqua,MODIS,61,6.2,300.3,9.5,D,0
51.685,21.4478,310.5,1.1,1.1,2013-09-07,1141,Aqua,MODIS,0,6.2,299.3,5.7,D,0
50.5921,21.776,314.1,1.1,1.1,2013-09-07,1141,Aqua,MODIS,55,6.2,299.1,9.5,D,0
50.331,19.2778,313.6,1,1,2013-09-07,1141,Aqua,MODIS,64,6.2,303.1,7.9,D,2
51.6403,17.1661,314.1,1,1,2013-09-07,1141,Aqua,MODIS,63,6.2,302.2,7.5,D,0
50.91,21.3517,313.1,1.1,1,2013-09-07,1141,Aqua,MODIS,66,6.2,299,6.9,D,0
50.333,19.2917,321.5,1,1,2013-09-07,1141,Aqua,MODIS,76,6.2,301.7,15.1,D,2
51.6425,17.1803,313.9,1,1,2013-09-07,1141,Aqua,MODIS,63,6.2,300.1,7.4,D,0
51.934,16.3501,310.7,1,1,2013-09-07,1142,Aqua,MODIS,41,6.2,299.9,5.9,D,0
51.9363,16.3646,312.9,1,1,2013-09-07,1142,Aqua,MODIS,58,6.2,299.8,6.8,D,0
50.3336,19.2942,309.9,2.6,1.5,2013-09-08,1038,Terra,MODIS,66,6.2,297.6,27.7,D,2
54.0195,21.0762,301.1,1,1,2013-09-08,2012,Terra,MODIS,37,6.2,282.1,8,N,0
54.022,21.0915,301.4,1,1,2013-09-08,2012,Terra,MODIS,41,6.2,282.4,8.1,N,0
50.3437,19.2951,301.1,2.2,1.4,2013-09-09,0018,Aqua,MODIS,38,6.2,284.1,23.4,N,2
51.9672,20.1646,301.9,1.3,1.1,2013-09-20,1111,Aqua,MODIS,40,6.2,286.6,8.2,D,0
50.3373,19.3081,302.6,2.6,1.5,2013-09-24,1038,Terra,MODIS,53,6.2,283.2,23.1,D,2
51.6945,15.971,300.9,1,1,2013-09-30,1001,Terra,MODIS,37,6.2,281.6,5.6,D,2
50.4178,18.1413,305,1,1,2013-09-30,1002,Terra,MODIS,52,6.2,288.4,7.4,D,0
50.3413,19.2912,300.4,1.3,1.1,2013-10-01,0120,Aqua,MODIS,27,6.2,275.3,13.5,N,0
51.6888,15.9774,301.7,1.9,1.3,2013-10-01,1044,Terra,MODIS,43,6.2,282.8,14.3,D,2
51.6867,15.9798,316.2,1.5,1.2,2013-10-01,2018,Terra,MODIS,93,6.2,275.3,33.8,N,2
51.688,15.9865,301.2,1.2,1.1,2013-10-02,0949,Terra,MODIS,43,6.2,287.4,7.5,D,2
51.6863,15.9797,302.2,1.2,1.1,2013-10-02,2100,Terra,MODIS,47,6.2,274.1,12.5,N,2
50.4186,18.1465,301.7,1.3,1.1,2013-10-04,0937,Terra,MODIS,48,6.2,286.4,8.1,D,0
50.3336,19.2975,300.9,1.2,1.1,2013-10-04,0937,Terra,MODIS,42,6.2,285.5,7,D,2
51.6826,15.9836,312.8,1.4,1.2,2013-10-04,1123,Aqua,MODIS,63,6.2,287.6,22.1,D,2
49.6172,21.7782,303.2,1,1,2013-10-04,1123,Aqua,MODIS,55,6.2,284.8,7.2,D,0
50.3278,19.2826,302,1.2,1.1,2013-10-04,1123,Aqua,MODIS,50,6.2,287.5,7.2,D,2
50.1589,21.9783,311.9,1.1,1,2013-10-05,0055,Aqua,MODIS,84,6.2,271.4,17.4,N,0
51.6867,15.9893,304.3,1.1,1,2013-10-05,1020,Terra,MODIS,51,6.2,275.7,9.4,D,2
51.6811,15.9785,305.1,1.2,1.1,2013-10-05,1206,Aqua,MODIS,53,6.2,279,10.3,D,2
50.1938,20.1123,300.3,1.2,1.1,2013-10-07,1153,Aqua,MODIS,0,6.2,287.4,3.4,D,0
51.6862,15.9855,301.6,3.3,1.7,2013-10-08,0912,Terra,MODIS,45,6.2,287.3,26.1,D,2
51.6841,15.9844,308.3,2.2,1.5,2013-10-08,1050,Terra,MODIS,51,6.2,290.7,25.6,D,2
51.6814,15.9895,305.3,2.2,1.5,2013-10-08,1050,Terra,MODIS,58,6.2,290.2,18.5,D,2
51.4689,19.2212,301.5,2,1.4,2013-10-08,1059,Aqua,MODIS,47,6.2,284.5,11.5,D,0
51.688,15.9742,300.2,2.7,1.6,2013-10-08,1237,Aqua,MODIS,31,6.2,289.7,11.4,D,2
51.6831,15.9831,300.6,2.7,1.6,2013-10-08,1237,Aqua,MODIS,36,6.2,290,12.3,D,2
50.4191,18.1428,301.3,1.1,1.1,2013-10-08,2023,Terra,MODIS,40,6.2,281.1,9.9,N,0
50.0703,20.0878,302.4,1,1,2013-10-08,2023,Terra,MODIS,49,6.2,280.8,9.3,N,0
50.0761,20.0838,301.8,1,1,2013-10-11,0943,Terra,MODIS,49,6.2,278.8,6.4,D,0
51.6812,15.978,301.9,1.3,1.1,2013-10-11,1129,Aqua,MODIS,36,6.2,280.1,6.1,D,2
50.343,19.3334,301.1,1.3,1.1,2013-10-13,0931,Terra,MODIS,45,6.2,291.1,5.1,D,0
51.6927,15.9724,301.9,1,1,2013-10-13,2042,Terra,MODIS,45,6.2,276.3,9,N,2
51.6876,15.9726,300.6,1.1,1,2013-10-14,1200,Aqua,MODIS,37,6.2,281.3,6,D,2
53.727,19.3701,300.6,1,1,2013-10-16,1000,Terra,MODIS,35,6.2,284.6,5.5,D,0
51.6862,15.9841,304.5,1,1,2013-10-17,0119,Aqua,MODIS,60,6.2,277.1,11.2,N,2
51.6827,15.9813,300.4,1.1,1.1,2013-10-18,1135,Aqua,MODIS,32,6.2,283.3,7.3,D,2
51.6879,15.9656,303.7,1.2,1.1,2013-10-18,2100,Terra,MODIS,57,6.2,275.7,13.3,N,2
51.6908,15.9716,305.9,1.6,1.2,2013-10-19,1218,Aqua,MODIS,62,6.2,281.1,17,D,2
50.5416,21.83,302.2,1,1,2013-10-20,1122,Aqua,MODIS,51,6.2,279.3,7,D,0
51.6863,15.9889,309.2,1.4,1.2,2013-10-22,0137,Aqua,MODIS,77,6.2,280.2,21.4,N,2
50.3364,19.2907,312.5,1.6,1.2,2013-10-22,0925,Terra,MODIS,73,6.2,290.2,21.1,D,2
50.329,19.2876,303.8,1.5,1.2,2013-10-22,1110,Aqua,MODIS,57,6.2,291.5,8.7,D,2
50.4195,18.1449,300.9,1,1,2013-10-22,2035,Terra,MODIS,35,6.2,284.3,7.1,N,0
50.0656,20.1113,312.9,1,1,2013-10-22,2035,Terra,MODIS,86,6.2,281.9,15.5,N,0
51.689,15.973,301.8,1,1,2013-10-23,1007,Terra,MODIS,47,6.2,290.8,3.8,D,2
50.2886,22.3024,312.9,1.5,1.2,2013-10-23,1007,Terra,MODIS,73,6.2,290.3,21.1,D,0
50.0772,21.7782,301.2,1.5,1.2,2013-10-23,1007,Terra,MODIS,46,6.2,290.2,6.1,D,0
50.3412,19.2952,302.8,1.2,1.1,2013-10-23,1007,Terra,MODIS,52,6.2,292.1,4.7,D,2
50.2896,22.3096,307.9,1.5,1.2,2013-10-23,1007,Terra,MODIS,66,6.2,290.1,13.5,D,0
51.687,15.9872,308,1,1,2013-10-23,1007,Terra,MODIS,63,6.2,291.4,7.6,D,2
50.2843,22.3074,308.1,1.5,1.2,2013-10-23,1153,Aqua,MODIS,66,6.2,291.5,12.3,D,0
51.1036,23.0612,307.4,1.7,1.3,2013-10-23,1153,Aqua,MODIS,51,6.2,289.3,14.3,D,0
51.0928,23.0454,309.3,1.7,1.3,2013-10-23,1153,Aqua,MODIS,68,6.2,289.5,18.4,D,0
51.0947,23.0699,309.2,1.7,1.3,2013-10-23,1153,Aqua,MODIS,68,6.2,289.3,18.6,D,0
50.2952,22.3052,309.7,1.5,1.2,2013-10-23,1153,Aqua,MODIS,69,6.2,291,14.6,D,0
50.2934,22.2837,303,1.5,1.2,2013-10-23,1153,Aqua,MODIS,36,6.2,291,6.6,D,0
50.1208,22.6527,303.5,1.5,1.2,2013-10-24,0912,Terra,MODIS,56,6.2,287.2,9.3,D,0
50.1227,22.6317,308.7,1.5,1.2,2013-10-24,0912,Terra,MODIS,68,6.2,287.8,15.2,D,0
50.3414,19.2923,305.3,1.1,1,2013-10-27,0943,Terra,MODIS,61,6.2,287.8,6.8,D,2
51.6862,15.9797,303.9,1.3,1.1,2013-10-27,1129,Aqua,MODIS,50,6.2,291.4,7.4,D,2
51.6869,15.9633,305.8,1.7,1.3,2013-10-29,1117,Aqua,MODIS,59,6.2,282.1,18.9,D,2
51.6873,15.9823,300.2,2.3,1.5,2013-10-31,1105,Aqua,MODIS,33,6.2,285.7,18.6,D,2
50.3376,19.2973,326.6,1.1,1,2013-11-01,1001,Terra,MODIS,85,6.2,283.2,29.9,D,2
50.3401,19.2828,312.3,1.1,1,2013-11-01,1001,Terra,MODIS,72,6.2,283.1,15.2,D,0
51.6886,15.9816,323.7,1,1,2013-11-04,0107,Aqua,MODIS,100,6.2,276.4,27.2,N,2
51.6971,15.9762,306.4,1,1,2013-11-04,0107,Aqua,MODIS,68,6.2,276.2,11.8,N,0
51.6902,15.9746,303.2,1,1,2013-11-15,1014,Terra,MODIS,48,6.2,277.9,8.9,D,2
52.5852,19.6691,300.1,1.1,1,2013-11-18,2017,Terra,MODIS,16,6.2,271.3,9.6,N,0
51.6925,15.9682,301.1,1.5,1.2,2013-11-18,2017,Terra,MODIS,37,6.2,272.2,15.7,N,2
51.6952,15.9724,301.5,1.3,1.1,2013-11-25,2024,Terra,MODIS,19,6.2,271,12.5,N,2
51.6798,15.9835,300.7,1,1,2013-11-26,1142,Aqua,MODIS,35,6.2,275.1,8.7,D,2
50.3406,19.2905,300.3,1,1,2013-12-02,2029,Terra,MODIS,24,6.2,270.7,9.7,N,0
51.687,15.9791,302.2,1.1,1.1,2013-12-02,2030,Terra,MODIS,47,6.2,267.3,12.7,N,2
50.0577,20.117,301.7,1,1,2013-12-05,1136,Aqua,MODIS,42,6.2,273.2,8.5,D,0
50.3388,19.2901,304.6,1,1,2013-12-08,0056,Aqua,MODIS,61,6.2,267.7,12.1,N,0
50.3366,19.2902,304,1.2,1.1,2013-12-10,1008,Terra,MODIS,58,6.2,273.9,13.6,D,2
51.6864,15.9805,311.3,1.4,1.2,2013-12-14,0943,Terra,MODIS,71,6.2,273.9,25.7,D,2
51.6949,15.9821,300.6,1.3,1.1,2013-12-27,2024,Terra,MODIS,30,6.2,271.9,12.8,N,2
51.6915,15.9646,300.6,1.3,1.1,2013-12-27,2024,Terra,MODIS,30,6.2,272.4,12.8,N,2
51.6885,15.9895,325.5,1.1,1,2013-12-31,0101,Aqua,MODIS,100,6.2,269.3,34.1,N,2
50.34,19.2919,306.9,1,1,2013-12-31,0102,Aqua,MODIS,70,6.2,268,13.7,N,2
